-- Deterministic, entirely fictional Regional Climate Action Summit 2026 fixture.
-- Profiles are durable attribution identities, not login accounts. This seed
-- intentionally creates no auth.users rows or credentials. A later auth/demo
-- task must explicitly provision or map a login to this fixture. Reproduce the
-- exact baseline with `npx --no-install supabase db reset`; this is not a reset RPC.

begin;

-- Serialize fixture installation so concurrent seed runs cannot interleave.
select pg_advisory_xact_lock(hashtextextended('inordo:p0-demo-seed', 0));

insert into public.profiles (id, display_name)
values
  ('00000000-0000-4000-8000-000000000101', 'Maya Chen'),
  ('00000000-0000-4000-8000-000000000102', 'Jonas Reed'),
  ('00000000-0000-4000-8000-000000000103', 'Amina Okafor'),
  ('00000000-0000-4000-8000-000000000104', 'Leo Santos'),
  ('00000000-0000-4000-8000-000000000105', 'Priya Nair'),
  ('00000000-0000-4000-8000-000000000106', 'Elias Novak'),
  ('00000000-0000-4000-8000-000000000107', 'Sofia Mbeki'),
  ('00000000-0000-4000-8000-000000000108', 'Noah Kim')
on conflict (id) do nothing;

insert into public.workspaces (id, name, slug, created_by)
values (
  '10000000-0000-4000-8000-000000000001',
  'Civic Futures Lab',
  'civic-futures-lab-demo',
  '00000000-0000-4000-8000-000000000101'
)
on conflict (id) do nothing;

insert into public.workspace_members (workspace_id, user_id, role, invited_by)
values
  ('10000000-0000-4000-8000-000000000001', '00000000-0000-4000-8000-000000000101', 'owner', null),
  ('10000000-0000-4000-8000-000000000001', '00000000-0000-4000-8000-000000000102', 'admin', '00000000-0000-4000-8000-000000000101'),
  ('10000000-0000-4000-8000-000000000001', '00000000-0000-4000-8000-000000000103', 'member', '00000000-0000-4000-8000-000000000101'),
  ('10000000-0000-4000-8000-000000000001', '00000000-0000-4000-8000-000000000104', 'member', '00000000-0000-4000-8000-000000000101'),
  ('10000000-0000-4000-8000-000000000001', '00000000-0000-4000-8000-000000000105', 'member', '00000000-0000-4000-8000-000000000101'),
  ('10000000-0000-4000-8000-000000000001', '00000000-0000-4000-8000-000000000106', 'member', '00000000-0000-4000-8000-000000000101'),
  ('10000000-0000-4000-8000-000000000001', '00000000-0000-4000-8000-000000000107', 'member', '00000000-0000-4000-8000-000000000101'),
  ('10000000-0000-4000-8000-000000000001', '00000000-0000-4000-8000-000000000108', 'viewer', '00000000-0000-4000-8000-000000000101')
on conflict (workspace_id, user_id) do nothing;

insert into public.projects (id, workspace_id, name, slug, description, status, is_demo, created_by)
values (
  '20000000-0000-4000-8000-000000000001',
  '10000000-0000-4000-8000-000000000001',
  'Regional Climate Action Summit 2026',
  'regional-climate-action-summit-2026',
  'Synthetic planning fixture for the InOrdo evidence-to-recovery demonstration.',
  'active',
  true,
  '00000000-0000-4000-8000-000000000101'
)
on conflict (id) do nothing;

insert into public.project_items (
  id, workspace_id, project_id, item_key, item_type, title, status, priority,
  owner_id, start_date, due_date, event_date, metadata, created_by
)
values
  ('30000000-0000-4000-8000-000000000001','10000000-0000-4000-8000-000000000001','20000000-0000-4000-8000-000000000001','EVT-01','event','Regional Climate Action Summit 2026','not_started','critical','00000000-0000-4000-8000-000000000101','2026-09-12','2026-09-12','2026-09-12','{"venue":"Campus Convention Hall"}','00000000-0000-4000-8000-000000000101'),
  ('30000000-0000-4000-8000-000000000002','10000000-0000-4000-8000-000000000001','20000000-0000-4000-8000-000000000001','TSK-01','task','Confirm keynote speakers','in_progress','critical','00000000-0000-4000-8000-000000000103','2026-06-01','2026-07-31',null,'{}','00000000-0000-4000-8000-000000000101'),
  ('30000000-0000-4000-8000-000000000003','10000000-0000-4000-8000-000000000001','20000000-0000-4000-8000-000000000001','TSK-02','task','Finalize catering order','not_started','high','00000000-0000-4000-8000-000000000104','2026-07-15','2026-08-12',null,'{}','00000000-0000-4000-8000-000000000101'),
  ('30000000-0000-4000-8000-000000000004','10000000-0000-4000-8000-000000000001','20000000-0000-4000-8000-000000000001','MLS-01','milestone','Programme lock','not_started','critical','00000000-0000-4000-8000-000000000103',null,'2026-08-07',null,'{}','00000000-0000-4000-8000-000000000101'),
  ('30000000-0000-4000-8000-000000000005','10000000-0000-4000-8000-000000000001','20000000-0000-4000-8000-000000000001','ART-01','artifact','Speaker briefing pack','not_started','high','00000000-0000-4000-8000-000000000105','2026-08-08','2026-08-21',null,'{}','00000000-0000-4000-8000-000000000101'),
  ('30000000-0000-4000-8000-000000000006','10000000-0000-4000-8000-000000000001','20000000-0000-4000-8000-000000000001','TSK-03','task','Rebook participant travel','not_started','critical','00000000-0000-4000-8000-000000000106','2026-07-21','2026-08-14',null,'{"requires_cost_approval":true}','00000000-0000-4000-8000-000000000101'),
  ('30000000-0000-4000-8000-000000000007','10000000-0000-4000-8000-000000000001','20000000-0000-4000-8000-000000000001','DEC-01','decision','Approve venue contract','completed','critical','00000000-0000-4000-8000-000000000101',null,'2026-05-15',null,'{}','00000000-0000-4000-8000-000000000101'),
  ('30000000-0000-4000-8000-000000000008','10000000-0000-4000-8000-000000000001','20000000-0000-4000-8000-000000000001','RSK-01','risk','Venue availability changes','at_risk','critical','00000000-0000-4000-8000-000000000102',null,'2026-09-12',null,'{"likelihood":"medium","impact":"critical"}','00000000-0000-4000-8000-000000000101'),
  ('30000000-0000-4000-8000-000000000009','10000000-0000-4000-8000-000000000001','20000000-0000-4000-8000-000000000001','TSK-04','task','Publish attendee schedule','not_started','high','00000000-0000-4000-8000-000000000105','2026-08-10','2026-08-24',null,'{}','00000000-0000-4000-8000-000000000101'),
  ('30000000-0000-4000-8000-000000000010','10000000-0000-4000-8000-000000000001','20000000-0000-4000-8000-000000000001','ART-02','artifact','Attendee schedule','not_started','high','00000000-0000-4000-8000-000000000105',null,'2026-08-24',null,'{}','00000000-0000-4000-8000-000000000101'),
  ('30000000-0000-4000-8000-000000000011','10000000-0000-4000-8000-000000000001','20000000-0000-4000-8000-000000000001','TSK-05','task','Confirm accessibility services','in_progress','high','00000000-0000-4000-8000-000000000107','2026-06-15','2026-08-01',null,'{}','00000000-0000-4000-8000-000000000101'),
  ('30000000-0000-4000-8000-000000000012','10000000-0000-4000-8000-000000000001','20000000-0000-4000-8000-000000000001','TSK-06','task','Schedule volunteer shifts','not_started','medium','00000000-0000-4000-8000-000000000104','2026-08-01','2026-08-28',null,'{}','00000000-0000-4000-8000-000000000101'),
  ('30000000-0000-4000-8000-000000000013','10000000-0000-4000-8000-000000000001','20000000-0000-4000-8000-000000000001','MLS-02','milestone','Registration closes','not_started','high','00000000-0000-4000-8000-000000000102',null,'2026-08-20',null,'{}','00000000-0000-4000-8000-000000000101'),
  ('30000000-0000-4000-8000-000000000014','10000000-0000-4000-8000-000000000001','20000000-0000-4000-8000-000000000001','ART-03','artifact','Final attendee list','not_started','high','00000000-0000-4000-8000-000000000102',null,'2026-08-21',null,'{}','00000000-0000-4000-8000-000000000101'),
  ('30000000-0000-4000-8000-000000000015','10000000-0000-4000-8000-000000000001','20000000-0000-4000-8000-000000000001','TSK-07','task','Print venue signage','not_started','medium','00000000-0000-4000-8000-000000000107','2026-08-24','2026-09-04',null,'{}','00000000-0000-4000-8000-000000000101'),
  ('30000000-0000-4000-8000-000000000016','10000000-0000-4000-8000-000000000001','20000000-0000-4000-8000-000000000001','ART-04','artifact','Venue signage files','not_started','medium','00000000-0000-4000-8000-000000000107',null,'2026-09-01',null,'{}','00000000-0000-4000-8000-000000000101'),
  ('30000000-0000-4000-8000-000000000017','10000000-0000-4000-8000-000000000001','20000000-0000-4000-8000-000000000001','RSK-02','risk','Speaker cancellation','not_started','high','00000000-0000-4000-8000-000000000103',null,'2026-09-12',null,'{"likelihood":"low","impact":"high"}','00000000-0000-4000-8000-000000000101'),
  ('30000000-0000-4000-8000-000000000018','10000000-0000-4000-8000-000000000001','20000000-0000-4000-8000-000000000001','DEC-02','decision','Select livestream platform','completed','medium','00000000-0000-4000-8000-000000000106',null,'2026-06-30',null,'{}','00000000-0000-4000-8000-000000000101'),
  ('30000000-0000-4000-8000-000000000019','10000000-0000-4000-8000-000000000001','20000000-0000-4000-8000-000000000001','TSK-08','task','Run livestream rehearsal','not_started','high','00000000-0000-4000-8000-000000000106','2026-09-01','2026-09-08',null,'{}','00000000-0000-4000-8000-000000000101'),
  ('30000000-0000-4000-8000-000000000020','10000000-0000-4000-8000-000000000001','20000000-0000-4000-8000-000000000001','ART-05','artifact','Livestream runbook','not_started','medium','00000000-0000-4000-8000-000000000106','2026-08-15','2026-09-01',null,'{}','00000000-0000-4000-8000-000000000101'),
  ('30000000-0000-4000-8000-000000000021','10000000-0000-4000-8000-000000000001','20000000-0000-4000-8000-000000000001','TSK-09','task','Issue media advisory','not_started','medium','00000000-0000-4000-8000-000000000105','2026-08-15','2026-08-29',null,'{}','00000000-0000-4000-8000-000000000101'),
  ('30000000-0000-4000-8000-000000000022','10000000-0000-4000-8000-000000000001','20000000-0000-4000-8000-000000000001','MLS-03','milestone','Operational readiness review','not_started','critical','00000000-0000-4000-8000-000000000101',null,'2026-09-05',null,'{}','00000000-0000-4000-8000-000000000101'),
  ('30000000-0000-4000-8000-000000000023','10000000-0000-4000-8000-000000000001','20000000-0000-4000-8000-000000000001','RSK-03','risk','Catering headcount variance','not_started','medium','00000000-0000-4000-8000-000000000104',null,'2026-08-21',null,'{"likelihood":"medium","impact":"medium"}','00000000-0000-4000-8000-000000000101'),
  ('30000000-0000-4000-8000-000000000024','10000000-0000-4000-8000-000000000001','20000000-0000-4000-8000-000000000001','ART-06','artifact','Day-of contact sheet','not_started','high','00000000-0000-4000-8000-000000000102','2026-08-25','2026-09-05',null,'{}','00000000-0000-4000-8000-000000000101')
on conflict (id) do nothing;

insert into public.item_dependencies (
  id, workspace_id, project_id, from_item_id, to_item_id, relationship, rationale, created_by
)
values
  ('40000000-0000-4000-8000-000000000001','10000000-0000-4000-8000-000000000001','20000000-0000-4000-8000-000000000001','30000000-0000-4000-8000-000000000002','30000000-0000-4000-8000-000000000001','scheduled_by','Speaker availability must match the summit date.','00000000-0000-4000-8000-000000000101'),
  ('40000000-0000-4000-8000-000000000002','10000000-0000-4000-8000-000000000001','20000000-0000-4000-8000-000000000001','30000000-0000-4000-8000-000000000003','30000000-0000-4000-8000-000000000001','scheduled_by','Catering delivery is tied to the summit date.','00000000-0000-4000-8000-000000000101'),
  ('40000000-0000-4000-8000-000000000003','10000000-0000-4000-8000-000000000001','20000000-0000-4000-8000-000000000001','30000000-0000-4000-8000-000000000006','30000000-0000-4000-8000-000000000001','scheduled_by','Travel dates depend on the summit date.','00000000-0000-4000-8000-000000000101'),
  ('40000000-0000-4000-8000-000000000004','10000000-0000-4000-8000-000000000001','20000000-0000-4000-8000-000000000001','30000000-0000-4000-8000-000000000004','30000000-0000-4000-8000-000000000002','requires','Programme lock requires confirmed speakers.','00000000-0000-4000-8000-000000000101'),
  ('40000000-0000-4000-8000-000000000005','10000000-0000-4000-8000-000000000001','20000000-0000-4000-8000-000000000001','30000000-0000-4000-8000-000000000005','30000000-0000-4000-8000-000000000004','requires','Briefing pack follows programme lock.','00000000-0000-4000-8000-000000000101'),
  ('40000000-0000-4000-8000-000000000006','10000000-0000-4000-8000-000000000001','20000000-0000-4000-8000-000000000001','30000000-0000-4000-8000-000000000009','30000000-0000-4000-8000-000000000004','requires','Schedule publication requires the locked programme.','00000000-0000-4000-8000-000000000101'),
  ('40000000-0000-4000-8000-000000000007','10000000-0000-4000-8000-000000000001','20000000-0000-4000-8000-000000000001','30000000-0000-4000-8000-000000000010','30000000-0000-4000-8000-000000000009','requires','The schedule artifact is produced by publication.','00000000-0000-4000-8000-000000000101'),
  ('40000000-0000-4000-8000-000000000008','10000000-0000-4000-8000-000000000001','20000000-0000-4000-8000-000000000001','30000000-0000-4000-8000-000000000011','30000000-0000-4000-8000-000000000001','scheduled_by','Accessibility staffing is date-specific.','00000000-0000-4000-8000-000000000101'),
  ('40000000-0000-4000-8000-000000000009','10000000-0000-4000-8000-000000000001','20000000-0000-4000-8000-000000000001','30000000-0000-4000-8000-000000000012','30000000-0000-4000-8000-000000000001','scheduled_by','Volunteer shifts are date-specific.','00000000-0000-4000-8000-000000000101'),
  ('40000000-0000-4000-8000-000000000010','10000000-0000-4000-8000-000000000001','20000000-0000-4000-8000-000000000001','30000000-0000-4000-8000-000000000014','30000000-0000-4000-8000-000000000013','requires','The final list follows registration close.','00000000-0000-4000-8000-000000000101'),
  ('40000000-0000-4000-8000-000000000011','10000000-0000-4000-8000-000000000001','20000000-0000-4000-8000-000000000001','30000000-0000-4000-8000-000000000003','30000000-0000-4000-8000-000000000014','requires','Catering headcount uses the attendee list.','00000000-0000-4000-8000-000000000101'),
  ('40000000-0000-4000-8000-000000000012','10000000-0000-4000-8000-000000000001','20000000-0000-4000-8000-000000000001','30000000-0000-4000-8000-000000000015','30000000-0000-4000-8000-000000000016','requires','Printed signage requires final files.','00000000-0000-4000-8000-000000000101'),
  ('40000000-0000-4000-8000-000000000013','10000000-0000-4000-8000-000000000001','20000000-0000-4000-8000-000000000001','30000000-0000-4000-8000-000000000016','30000000-0000-4000-8000-000000000001','scheduled_by','Signage content contains the event date.','00000000-0000-4000-8000-000000000101'),
  ('40000000-0000-4000-8000-000000000014','10000000-0000-4000-8000-000000000001','20000000-0000-4000-8000-000000000001','30000000-0000-4000-8000-000000000017','30000000-0000-4000-8000-000000000002','informs','Confirmation status informs cancellation risk.','00000000-0000-4000-8000-000000000101'),
  ('40000000-0000-4000-8000-000000000015','10000000-0000-4000-8000-000000000001','20000000-0000-4000-8000-000000000001','30000000-0000-4000-8000-000000000019','30000000-0000-4000-8000-000000000018','requires','Rehearsal requires a selected platform.','00000000-0000-4000-8000-000000000101'),
  ('40000000-0000-4000-8000-000000000016','10000000-0000-4000-8000-000000000001','20000000-0000-4000-8000-000000000001','30000000-0000-4000-8000-000000000019','30000000-0000-4000-8000-000000000020','requires','Rehearsal follows the runbook.','00000000-0000-4000-8000-000000000101'),
  ('40000000-0000-4000-8000-000000000017','10000000-0000-4000-8000-000000000001','20000000-0000-4000-8000-000000000001','30000000-0000-4000-8000-000000000020','30000000-0000-4000-8000-000000000001','scheduled_by','Runbook timing is tied to the summit.','00000000-0000-4000-8000-000000000101'),
  ('40000000-0000-4000-8000-000000000018','10000000-0000-4000-8000-000000000001','20000000-0000-4000-8000-000000000001','30000000-0000-4000-8000-000000000021','30000000-0000-4000-8000-000000000004','requires','Media advisory uses the locked programme.','00000000-0000-4000-8000-000000000101'),
  ('40000000-0000-4000-8000-000000000019','10000000-0000-4000-8000-000000000001','20000000-0000-4000-8000-000000000001','30000000-0000-4000-8000-000000000022','30000000-0000-4000-8000-000000000003','requires','Readiness requires catering to be finalized.','00000000-0000-4000-8000-000000000101'),
  ('40000000-0000-4000-8000-000000000020','10000000-0000-4000-8000-000000000001','20000000-0000-4000-8000-000000000001','30000000-0000-4000-8000-000000000022','30000000-0000-4000-8000-000000000011','requires','Readiness requires accessibility services.','00000000-0000-4000-8000-000000000101'),
  ('40000000-0000-4000-8000-000000000021','10000000-0000-4000-8000-000000000001','20000000-0000-4000-8000-000000000001','30000000-0000-4000-8000-000000000022','30000000-0000-4000-8000-000000000012','requires','Readiness requires volunteer scheduling.','00000000-0000-4000-8000-000000000101'),
  ('40000000-0000-4000-8000-000000000022','10000000-0000-4000-8000-000000000001','20000000-0000-4000-8000-000000000001','30000000-0000-4000-8000-000000000023','30000000-0000-4000-8000-000000000014','informs','Headcount variance follows the attendee list.','00000000-0000-4000-8000-000000000101'),
  ('40000000-0000-4000-8000-000000000023','10000000-0000-4000-8000-000000000001','20000000-0000-4000-8000-000000000001','30000000-0000-4000-8000-000000000024','30000000-0000-4000-8000-000000000022','requires','The contact sheet follows readiness review.','00000000-0000-4000-8000-000000000101'),
  ('40000000-0000-4000-8000-000000000024','10000000-0000-4000-8000-000000000001','20000000-0000-4000-8000-000000000001','30000000-0000-4000-8000-000000000008','30000000-0000-4000-8000-000000000007','informs','The contract decision informs venue risk.','00000000-0000-4000-8000-000000000101'),
  ('40000000-0000-4000-8000-000000000025','10000000-0000-4000-8000-000000000001','20000000-0000-4000-8000-000000000001','30000000-0000-4000-8000-000000000022','30000000-0000-4000-8000-000000000019','requires','Readiness requires livestream rehearsal.','00000000-0000-4000-8000-000000000101'),
  ('40000000-0000-4000-8000-000000000026','10000000-0000-4000-8000-000000000001','20000000-0000-4000-8000-000000000001','30000000-0000-4000-8000-000000000024','30000000-0000-4000-8000-000000000001','scheduled_by','Day-of contacts are tied to the event date.','00000000-0000-4000-8000-000000000101')
on conflict (id) do nothing;

-- Prompt 9 reset baseline. Migrations run before seed on a fresh database, so
-- the canonical snapshot is populated here as well as captured during a linked
-- upgrade. These private rows are never exposed through the API.
insert into private.demo_baseline_project_items (
  project_id, item_id, workspace_id, item_key, item_type, title, description,
  status, priority, owner_id, start_date, due_date, event_date, metadata,
  created_by, created_at
)
select
  item.project_id, item.id, item.workspace_id, item.item_key, item.item_type,
  item.title, item.description, item.status, item.priority, item.owner_id,
  item.start_date, item.due_date, item.event_date, item.metadata,
  item.created_by, item.created_at
from public.project_items as item
where item.workspace_id = '10000000-0000-4000-8000-000000000001'::uuid
  and item.project_id = '20000000-0000-4000-8000-000000000001'::uuid
on conflict (project_id, item_id) do nothing;

insert into private.demo_baseline_dependencies (
  project_id, dependency_id, workspace_id, from_item_id, to_item_id,
  relationship, rationale, created_by, created_at
)
select
  dependency.project_id, dependency.id, dependency.workspace_id,
  dependency.from_item_id, dependency.to_item_id, dependency.relationship,
  dependency.rationale, dependency.created_by, dependency.created_at
from public.item_dependencies as dependency
where dependency.workspace_id = '10000000-0000-4000-8000-000000000001'::uuid
  and dependency.project_id = '20000000-0000-4000-8000-000000000001'::uuid
on conflict (project_id, dependency_id) do nothing;

commit;
